TimeSteps,"Static fine mesh",AMR/LB
0,0,0
1,0.0160694,0.000277778
2,0.0288083,0.000391667
3,0.0426556,0.000497222
4,0.0572722,0.0006
5,0.0722806,0.000702778
6,0.0876722,0.000808333
7,0.103328,0.000913889
8,0.119369,0.00101667
9,0.135733,0.00112222
10,0.152361,0.00123056
11,0.169253,0.00133611
12,0.186458,0.00144722
13,0.203481,0.00155556
14,0.220117,0.00166667
15,0.237375,0.00178056
16,0.254686,0.00189167
17,0.271911,0.00200278
18,0.289092,0.00211944
19,0.306214,0.00223333
20,0.323289,0.00234444
21,0.340367,0.00245278
22,0.357458,0.00256667
23,0.374472,0.00268056
24,0.391436,0.00279167
25,0.408417,0.00290278
26,0.4253,0.00301944
27,0.442242,0.00313889
28,0.45915,0.00325278
29,0.475997,0.00336389
30,0.492819,0.003475
31,0.509667,0.00358889
32,0.526542,0.0037
33,0.54335,0.00381111
34,0.560208,0.00392222
35,0.577081,0.00403333
36,0.594064,0.00414444
37,0.6109,0.00425833
38,0.62775,0.00437222
39,0.644625,0.00448611
40,0.661408,0.00459722
41,0.678017,0.00470833
42,0.694142,0.00481944
43,0.710317,0.00493056
44,0.726497,0.00503889
45,0.742633,0.00515278
46,0.758794,0.00526667
47,0.775044,0.00538889
48,0.7912,0.00551667
49,0.807375,0.00575
50,0.823494,0.00597778
51,0.839594,0.00624444
52,0.855722,0.00657778
53,0.871767,0.00696667
54,0.887831,0.0074
55,0.903908,0.007825
56,0.919917,0.00824722
57,0.935944,0.00865
58,0.951961,0.00905278
59,0.968006,0.009425
60,0.984025,0.00979167
61,0.999972,0.0101444
62,1.01602,0.0104889
63,1.03204,0.0108361
64,1.04804,0.011175
65,1.06412,0.0115083
66,1.08016,0.0118444
67,1.09628,0.0121806
68,1.11235,0.0125194
69,1.12833,0.0128722
70,1.14427,0.0132139
71,1.1602,0.0135639
72,1.17627,0.0139194
73,1.19228,0.014275
74,1.20822,0.0146278
75,1.22421,0.0149778
76,1.24018,0.015325
77,1.25613,0.0156722
78,1.27223,0.0160167
79,1.28868,0.0163694
80,1.30521,0.0167194
81,1.32178,0.0170639
82,1.33844,0.0174083
83,1.35514,0.0177528
84,1.37212,0.0180972
85,1.38877,0.0184417
86,1.40586,0.0187944
87,1.42297,0.0191361
88,1.44008,0.0194861
89,1.45722,0.0198389
90,1.47435,0.0201972
91,1.49147,0.0205472
92,1.50863,0.0208944
93,1.52568,0.0212444
94,1.54239,0.0215917
95,1.55936,0.02195
96,1.57655,0.0222972
97,1.59386,0.0226556
98,1.61058,0.0230167
99,1.62664,0.0233778
100,1.64277,0.0237306
101,1.65882,0.0240917
102,1.67492,0.0244528
103,1.69121,0.0248139
104,1.70746,0.0251722
105,1.72362,0.0255333
106,1.73977,0.0258917
107,1.75586,0.0262528
108,1.77172,0.0266083
109,1.78757,0.0269639
110,1.80333,0.0273222
111,1.8191,0.0276778
112,1.83484,0.0280306
113,1.85059,0.0283889
114,1.86674,0.0287444
115,1.88294,0.0291056
116,1.89922,0.0294722
117,1.91556,0.029825
118,1.932,0.0301806
119,1.94839,0.0305333
120,1.96473,0.0308861
121,1.98114,0.0312444
122,1.99747,0.0315944
123,2.0134,0.03195
124,2.02931,0.0323111
125,2.04518,0.0326722
126,2.06104,0.0330306
127,2.07686,0.0333944
128,2.09261,0.0337583
129,2.10851,0.0341222
130,2.12434,0.0344889
131,2.14019,0.0348556
132,2.15603,0.035225
133,2.17174,0.0355944
134,2.18734,0.0359556
135,2.20274,0.0363139
136,2.21812,0.0366722
137,2.23418,0.0370306
138,2.25054,0.0373861
139,2.26688,0.03775
140,2.28318,0.0381056
141,2.29944,0.0384639
142,2.31573,0.038825
143,2.33208,0.0391833
144,2.34848,0.0395444
145,2.36477,0.0399
146,2.381,0.0402583
147,2.39698,0.0406194
148,2.41228,0.0409806
149,2.42761,0.0413444
150,2.4429,0.0417083
151,2.45827,0.0420722
152,2.47367,0.0424389
153,2.48907,0.0428028
154,2.50443,0.0431722
155,2.51993,0.0435389
156,2.53532,0.0439083
157,2.55073,0.0442778
158,2.56608,0.0446472
159,2.58145,0.0450167
160,2.59674,0.0453861
161,2.61207,0.0457556
162,2.62748,0.0461333
163,2.64289,0.0464972
164,2.65826,0.0468694
165,2.67361,0.0472333
166,2.68914,0.0475972
167,2.70457,0.0479639
168,2.72005,0.0483278
169,2.7354,0.0486972
170,2.75083,0.0490611
171,2.76635,0.0494278
172,2.78184,0.0498
173,2.79732,0.0501639
174,2.81284,0.0505278
175,2.82841,0.0508861
176,2.84393,0.0512528
177,2.85941,0.0516111
178,2.87488,0.051975
179,2.89019,0.0523389
180,2.90638,0.0527056
181,2.92253,0.0530694
182,2.93839,0.0534361
183,2.95368,0.0538028
184,2.96901,0.0541694
185,2.98435,0.0545444
186,2.99969,0.0549139
187,3.01582,0.0552861
188,3.03189,0.0556528
189,3.04802,0.0560194
190,3.06408,0.0563861
191,3.08014,0.05675
192,3.09623,0.0571139
193,3.11225,0.0574806
194,3.12829,0.0578417
195,3.14439,0.0582111
196,3.15987,0.0585778
197,3.17542,0.0589389
198,3.19112,0.0593083
199,3.20682,0.0603056
200,3.22262,0.0606389
201,3.2384,0.060975
202,3.25411,0.0613
203,3.2699,0.061625
204,3.28641,0.0619472
205,3.30288,0.0622833
206,3.319,0.0626083
207,3.33438,0.0629333
208,3.34989,0.0632611
209,3.36534,0.0635861
210,3.38081,0.0639167
211,3.39626,0.0642417
212,3.41173,0.0645694
213,3.42724,0.0648972
214,3.44272,0.0652333
215,3.45822,0.0655611
216,3.4737,0.0658889
217,3.48926,0.0662139
218,3.50479,0.0665417
219,3.52033,0.0668639
220,3.53567,0.0671833
221,3.55098,0.0675056
222,3.56642,0.067825
223,3.58179,0.0681472
224,3.59722,0.0684722
225,3.61268,0.0688028
226,3.62813,0.0691361
227,3.64358,0.0694639
228,3.65926,0.0697917
229,3.67584,0.0701194
230,3.69246,0.0704444
231,3.709,0.0707722
232,3.72553,0.0711
233,3.74199,0.0714306
234,3.75763,0.0717611
235,3.77344,0.0720861
236,3.78918,0.0724222
237,3.80487,0.07275
238,3.8205,0.0730778
239,3.83624,0.0734056
240,3.85203,0.0737361
241,3.86776,0.0740639
242,3.88324,0.0743889
243,3.89856,0.074725
244,3.91389,0.07505
245,3.92917,0.075375
246,3.94483,0.0757
247,3.9606,0.0760222
248,3.97637,0.0763472
249,3.99212,0.0766917
250,4.00785,0.0770167
251,4.02368,0.0773472
252,4.03945,0.0776806
253,4.05526,0.0780139
254,4.07099,0.0783444
255,4.08672,0.0786694
256,4.10252,0.0789972
257,4.11826,0.0793222
258,4.13404,0.0796444
259,4.14979,0.0799667
260,4.1654,0.0802861
261,4.18112,0.0806111
262,4.19676,0.0809389
263,4.21236,0.0812639
264,4.22787,0.0815944
265,4.24344,0.0819278
266,4.25897,0.0822472
267,4.27455,0.0825889
268,4.29007,0.0829167
269,4.30561,0.0832528
270,4.321,0.0835833
271,4.33639,0.0839111
272,4.35192,0.0842389
273,4.36739,0.0845667
274,4.38286,0.0849
275,4.39823,0.0852278
276,4.41361,0.0855556
277,4.42907,0.0858861
278,4.44455,0.0862083
279,4.45999,0.0865333
280,4.47545,0.0868583
281,4.49092,0.0871833
282,4.50637,0.0875083
283,4.52193,0.0878306
284,4.53741,0.0881611
285,4.55286,0.0884861
286,4.56838,0.0888139
287,4.5839,0.0891417
288,4.59947,0.0894667
289,4.61489,0.0898028
290,4.63037,0.090125
291,4.64585,0.0904583
292,4.66138,0.0907806
293,4.67692,0.0911083
294,4.69246,0.0914417
295,4.70798,0.0917694
296,4.72355,0.0920944
297,4.73913,0.0924194
298,4.75459,0.0927444
299,4.7701,0.0930889
300,4.78554,0.0934167
301,4.80089,0.0937444
302,4.81632,0.094075
303,4.83174,0.0944
304,4.84723,0.0947278
305,4.86256,0.0950583
306,4.87805,0.0953917
307,4.89384,0.0957278
308,4.90979,0.0960611
309,4.92584,0.0963917
310,4.94177,0.0967222
311,4.95722,0.0970556
312,4.97274,0.0973861
313,4.98841,0.0977167
314,5.00396,0.0980472
315,5.01949,0.0983806
316,5.03494,0.0987111
317,5.05047,0.0990444
318,5.06602,0.099375
319,5.08153,0.0997111
320,5.09711,0.100039
321,5.11261,0.100369
322,5.12825,0.100697
323,5.14378,0.101025
324,5.15929,0.101353
325,5.17477,0.101678
326,5.19048,0.102003
327,5.20617,0.102328
328,5.22196,0.102656
329,5.23771,0.102986
330,5.25336,0.103311
331,5.26911,0.103636
332,5.28484,0.103961
333,5.30064,0.104283
334,5.31634,0.104608
335,5.33197,0.104933
336,5.34759,0.105261
337,5.36324,0.105592
338,5.37868,0.105919
339,5.3942,0.106247
340,5.40971,0.106569
341,5.42518,0.106894
342,5.44073,0.107219
343,5.45607,0.107544
344,5.47159,0.107869
345,5.48698,0.108194
346,5.50238,0.108517
347,5.51784,0.108839
348,5.53316,0.109161
349,5.54908,0.109494
350,5.56501,0.109831
351,5.58095,0.110161
352,5.59691,0.1105
353,5.61281,0.110828
354,5.62873,0.111161
355,5.64464,0.111486
356,5.6605,0.111811
357,5.67641,0.112139
358,5.6919,0.112472
359,5.70724,0.112797
360,5.72256,0.113125
361,5.73794,0.11345
362,5.7533,0.113775
363,5.76869,0.114103
364,5.78411,0.114433
365,5.79974,0.114758
366,5.81522,0.115083
367,5.83101,0.115408
368,5.84704,0.115731
369,5.86301,0.116056
370,5.87891,0.116381
371,5.89484,0.116708
372,5.91084,0.117039
373,5.92683,0.117367
374,5.94274,0.117697
375,5.95866,0.118028
376,5.97456,0.118358
377,5.99018,0.118689
378,6.00581,0.119014
379,6.02152,0.119342
380,6.03729,0.119672
381,6.05301,0.119994
382,6.06889,0.120322
383,6.08481,0.120644
384,6.10071,0.120972
385,6.11662,0.121292
386,6.13258,0.121617
387,6.14909,0.121939
388,6.16571,0.122267
389,6.18221,0.122594
390,6.19816,0.122919
391,6.21374,0.12325
392,6.22929,0.123583
393,6.24485,0.123914
394,6.26042,0.124247
395,6.276,0.124583
396,6.29156,0.124919
397,6.30706,0.125253
398,6.32261,0.125592
399,6.33818,0.125947
400,6.35383,0.126294
401,6.36935,0.126639
402,6.38494,0.126983
403,6.40066,0.127328
404,6.41627,0.127672
405,6.43178,0.128017
406,6.44726,0.128367
407,6.46281,0.128714
408,6.47833,0.129061
409,6.49391,0.129422
410,6.50944,0.129772
411,6.52521,0.130125
412,6.54087,0.130486
413,6.55645,0.130842
414,6.57206,0.131197
415,6.58776,0.131556
416,6.6036,0.131914
417,6.61924,0.132269
418,6.63487,0.132644
419,6.65048,0.133014
420,6.66615,0.133375
421,6.68181,0.133742
422,6.69747,0.134106
423,6.71306,0.134472
424,6.72867,0.134847
425,6.74429,0.135217
426,6.75988,0.135597
427,6.77553,0.135969
428,6.79113,0.136342
429,6.80676,0.136714
430,6.82286,0.137089
431,6.83866,0.137469
432,6.85449,0.137844
433,6.87023,0.138228
434,6.88598,0.138603
435,6.90174,0.138994
436,6.91747,0.139372
437,6.93324,0.13975
438,6.94901,0.140128
439,6.9652,0.140506
440,6.98132,0.140883
441,6.99747,0.141264
442,7.01366,0.141644
443,7.02979,0.142025
444,7.04596,0.142406
445,7.06206,0.142786
446,7.0782,0.143164
447,7.09432,0.143544
448,7.11044,0.143928
449,7.12659,0.144331
450,7.14275,0.144719
451,7.15887,0.145103
452,7.175,0.145486
453,7.19101,0.145869
454,7.20701,0.146256
455,7.22307,0.146633
456,7.24007,0.147014
457,7.2569,0.147383
458,7.27384,0.147758
459,7.29067,0.148122
460,7.30753,0.148489
461,7.32447,0.148853
462,7.34133,0.149206
463,7.3582,0.149556
464,7.37501,0.149897
465,7.39182,0.150236
466,7.40792,0.150569
467,7.42367,0.150897
468,7.43954,0.151228
469,7.45536,0.151558
470,7.47124,0.151886
471,7.48709,0.1522
472,7.50285,0.152511
473,7.51845,0.152819
474,7.534,0.153119
475,7.54956,0.153417
476,7.56522,0.153714
477,7.5808,0.154006
478,7.59644,0.154294
479,7.61319,0.154578
480,7.62986,0.154858
481,7.64542,0.155136
482,7.66102,0.155414
483,7.67695,0.155692
484,7.69293,0.155967
485,7.70887,0.156239
486,7.72483,0.156508
487,7.74042,0.156778
488,7.75606,0.157047
489,7.77166,0.157317
490,7.78724,0.157583
491,7.80281,0.157858
492,7.81846,0.158125
493,7.83399,0.158389
494,7.8495,0.158653
495,7.86501,0.158914
496,7.88062,0.159169
497,7.89644,0.159428
498,7.91229,0.159683
499,7.92843,0.159967
500,7.944,0.160217
501,7.95985,0.160467
502,7.97581,0.160722
503,7.99173,0.160969
504,8.00751,0.161217
505,8.02353,0.161461
506,8.03961,0.161719
507,8.05565,0.161969
508,8.07167,0.162217
509,8.08778,0.162467
510,8.10379,0.162708
511,8.11983,0.162953
512,8.13601,0.163194
513,8.15218,0.163442
514,8.16838,0.163683
515,8.18461,0.163928
516,8.20026,0.164175
517,8.21593,0.164419
518,8.23166,0.164661
519,8.24737,0.164906
520,8.2631,0.16515
521,8.27875,0.165397
522,8.2944,0.165639
523,8.31004,0.165881
524,8.32584,0.166125
525,8.34186,0.166367
526,8.35766,0.166617
527,8.37316,0.166856
528,8.38869,0.167097
529,8.40419,0.167339
530,8.41974,0.167583
531,8.43536,0.167825
532,8.45086,0.168064
533,8.46641,0.168306
534,8.48194,0.168547
535,8.49746,0.168789
536,8.51305,0.169031
537,8.52864,0.169358
538,8.54423,0.169603
539,8.55981,0.169844
540,8.57542,0.170086
541,8.59111,0.170328
542,8.60681,0.170569
543,8.62265,0.170811
544,8.63835,0.171069
545,8.65401,0.171311
546,8.66964,0.171556
547,8.68531,0.171794
548,8.70086,0.172042
549,8.71646,0.1723
550,8.73198,0.172542
551,8.74747,0.172783
552,8.7635,0.173028
553,8.77904,0.173269
554,8.7948,0.173511
555,8.81144,0.173758
556,8.82815,0.174
557,8.84492,0.174244
558,8.86158,0.174494
559,8.87828,0.174736
560,8.89452,0.174981
561,8.91004,0.175222
562,8.92557,0.175464
563,8.9411,0.175708
564,8.95655,0.175953
565,8.97205,0.176206
566,8.98755,0.17645
567,9.00304,0.1767
568,9.01864,0.176944
569,9.03418,0.177186
570,9.04973,0.177428
571,9.06524,0.177672
572,9.0808,0.177919
573,9.09639,0.178161
574,9.11202,0.178406
575,9.12756,0.17865
576,9.14324,0.178897
577,9.15907,0.179144
578,9.17482,0.179389
579,9.19062,0.179633
580,9.20638,0.179883
581,9.22216,0.180128
582,9.23794,0.180378
583,9.25375,0.180622
584,9.26951,0.180867
585,9.28509,0.181111
586,9.30069,0.181358
587,9.3162,0.181603
588,9.33173,0.18185
589,9.34733,0.1821
590,9.36282,0.182347
591,9.37837,0.182594
592,9.3948,0.182847
593,9.41043,0.183097
594,9.42611,0.183347
595,9.44173,0.183594
596,9.4573,0.183842
597,9.47283,0.184092
598,9.48836,0.184339
599,9.50387,0.184608
600,9.51949,0.184861
601,9.53509,0.185111
602,9.55118,0.185361
603,9.56732,0.185611
604,9.58321,0.185872
605,9.59885,0.186178
606,9.6145,0.186431
607,9.63011,0.186683
608,9.64569,0.186936
609,9.66139,0.187186
610,9.67698,0.187442
611,9.69255,0.187697
612,9.70818,0.187947
613,9.72378,0.188206
614,9.73941,0.188461
615,9.75492,0.188722
616,9.77047,0.188981
617,9.78606,0.189236
618,9.80162,0.189489
619,9.81719,0.18975
620,9.83275,0.190008
621,9.84834,0.190269
622,9.86393,0.190528
623,9.87946,0.190789
624,9.89501,0.191047
625,9.91055,0.191303
626,9.92613,0.191561
627,9.94205,0.191819
628,9.95802,0.192075
629,9.97416,0.192333
630,9.99041,0.192592
631,10.0066,0.192856
632,10.0227,0.193114
633,10.0388,0.193372
634,10.055,0.193633
635,10.0709,0.193894
636,10.0865,0.194156
637,10.1022,0.194417
638,10.1178,0.194675
639,10.1334,0.194933
640,10.149,0.195197
641,10.1648,0.195458
642,10.1808,0.195719
643,10.1968,0.195981
644,10.2131,0.196247
645,10.2299,0.196517
646,10.2468,0.196778
647,10.2638,0.197042
648,10.2806,0.197306
649,10.2968,0.197589
650,10.3132,0.197861
651,10.3296,0.198133
652,10.3457,0.198406
653,10.3616,0.198678
654,10.3774,0.198947
655,10.3932,0.199217
656,10.409,0.199494
657,10.425,0.199769
658,10.4409,0.200044
659,10.4567,0.200317
660,10.4725,0.200592
661,10.4883,0.200872
662,10.504,0.201147
663,10.5198,0.201419
664,10.5356,0.201697
665,10.5514,0.201972
666,10.5671,0.202258
667,10.5829,0.202539
668,10.5986,0.202825
669,10.6142,0.203106
670,10.6298,0.203386
671,10.6461,0.203667
672,10.663,0.203953
673,10.68,0.204233
674,10.697,0.204519
675,10.7138,0.204806
676,10.7307,0.205092
677,10.7476,0.205381
678,10.7646,0.205675
679,10.7814,0.205969
680,10.7972,0.206264
681,10.813,0.206556
682,10.8292,0.20685
683,10.8453,0.207142
684,10.8614,0.207436
685,10.8775,0.207736
686,10.8931,0.208031
687,10.9088,0.208328
688,10.9246,0.208628
689,10.9403,0.208925
690,10.9561,0.209225
691,10.9718,0.209533
692,10.9875,0.209833
693,11.0032,0.210139
694,11.0191,0.210444
695,11.0348,0.210756
696,11.0504,0.211064
697,11.066,0.211375
698,11.0819,0.211686
699,11.0979,0.212011
700,11.114,0.212331
701,11.1301,0.212661
702,11.1459,0.212975
703,11.1616,0.2133
704,11.1773,0.213622
705,11.1929,0.213942
706,11.2085,0.214261
707,11.2242,0.214578
708,11.2402,0.214897
709,11.2564,0.215222
710,11.2727,0.215544
711,11.2889,0.215872
712,11.305,0.216194
713,11.321,0.216525
714,11.337,0.216844
715,11.3533,0.217164
716,11.3695,0.217489
717,11.3854,0.217819
718,11.401,0.218144
719,11.4167,0.218469
720,11.4325,0.218794
721,11.4483,0.219119
722,11.464,0.219447
723,11.4798,0.219778
724,11.4966,0.220108
725,11.5135,0.220436
726,11.5303,0.220761
727,11.5471,0.221094
728,11.564,0.221425
729,11.5808,0.221758
730,11.5976,0.2221
731,11.6143,0.222433
732,11.6311,0.222764
733,11.6479,0.223094
734,11.6646,0.223422
735,11.6814,0.223753
736,11.6981,0.224083
737,11.7145,0.224414
738,11.7312,0.22475
739,11.7479,0.225083
740,11.7641,0.225414
741,11.7798,0.225744
742,11.7953,0.226078
743,11.811,0.226411
744,11.8267,0.226742
745,11.8423,0.227072
746,11.858,0.227408
747,11.8736,0.227744
748,11.8893,0.228081
749,11.9049,0.228447
750,11.9206,0.228786
751,11.9366,0.229131
752,11.9528,0.229464
753,11.9686,0.2298
754,11.9844,0.230131
755,12.0002,0.230467
756,12.0161,0.230797
757,12.0319,0.231128
758,12.0477,0.231458
759,12.0635,0.231794
760,12.0796,0.232125
761,12.0956,0.232453
762,12.1119,0.232783
763,12.1283,0.233114
764,12.1448,0.233447
765,12.1612,0.233778
766,12.1777,0.234114
767,12.1941,0.234447
768,12.2106,0.234781
769,12.227,0.235114
770,12.2433,0.235444
771,12.2598,0.235775
772,12.2762,0.236106
773,12.2927,0.236439
774,12.3091,0.236767
775,12.3256,0.2371
776,12.342,0.237436
777,12.3585,0.237767
778,12.375,0.238097
779,12.3916,0.238428
780,12.4081,0.238764
781,12.4247,0.239103
782,12.4413,0.239436
783,12.4579,0.239772
784,12.4744,0.240106
785,12.491,0.240436
786,12.5076,0.240767
787,12.5243,0.241103
788,12.5409,0.241436
789,12.5576,0.241767
790,12.5742,0.242094
791,12.5908,0.242431
792,12.6073,0.242758
793,12.624,0.243089
794,12.6407,0.243417
795,12.6573,0.243747
796,12.6739,0.244075
797,12.6904,0.244403
798,12.7068,0.244731
799,12.7232,0.245092
800,12.7396,0.245428
801,12.7561,0.245775
802,12.7726,0.246108
803,12.7891,0.246442
804,12.8051,0.246778
805,12.8209,0.247108
806,12.8367,0.247442
807,12.8526,0.247775
808,12.8684,0.248108
809,12.8843,0.24845
810,12.9,0.248781
811,12.9157,0.249114
812,12.9314,0.249456
813,12.9479,0.249789
814,12.9647,0.250128
815,12.9817,0.250458
816,12.9981,0.250792
817,13.0139,0.251131
818,13.0298,0.251464
819,13.0457,0.251797
820,13.0615,0.252136
821,13.0776,0.252472
822,13.0936,0.252886
823,13.1096,0.253219
824,13.1256,0.253553
825,13.1417,0.253886
826,13.1584,0.254217
827,13.1753,0.254553
828,13.1923,0.254892
829,13.2092,0.255225
830,13.2257,0.255572
831,13.2416,0.256017
832,13.2573,0.256372
833,13.273,0.256725
834,13.2887,0.257078
835,13.3044,0.257431
836,13.3205,0.257783
837,13.3364,0.258142
838,13.3523,0.258494
839,13.368,0.25885
840,13.3838,0.259203
841,13.4,0.259564
842,13.4162,0.259914
843,13.4324,0.260267
844,13.4486,0.260622
845,13.4648,0.260981
846,13.481,0.261336
847,13.4972,0.261689
848,13.5134,0.262044
849,13.5296,0.262422
850,13.5458,0.262783
851,13.562,0.263147
852,13.5782,0.263503
853,13.5944,0.263858
854,13.6106,0.264211
855,13.6267,0.264558
856,13.6427,0.264917
857,13.6586,0.265275
858,13.6744,0.265628
859,13.6904,0.265981
860,13.7063,0.266339
861,13.7221,0.266692
862,13.738,0.267044
863,13.7539,0.267392
864,13.7699,0.267747
865,13.7858,0.268097
866,13.8017,0.268447
867,13.8184,0.2688
868,13.8352,0.269228
869,13.8515,0.269575
870,13.8674,0.269928
871,13.8833,0.270275
872,13.8992,0.270622
873,13.9152,0.270969
874,13.9312,0.271314
875,13.9471,0.271661
876,13.963,0.272033
877,13.979,0.272381
878,13.9952,0.272725
879,14.0114,0.273078
880,14.0275,0.273433
881,14.0435,0.273778
882,14.0593,0.274128
883,14.0761,0.274472
884,14.0929,0.274819
885,14.1096,0.275164
886,14.1264,0.275508
887,14.1428,0.27585
888,14.1592,0.276194
889,14.1757,0.276533
890,14.192,0.276872
891,14.2082,0.277214
892,14.2244,0.277553
893,14.2407,0.277889
894,14.2569,0.278225
895,14.2732,0.278564
896,14.2893,0.2789
897,14.3055,0.279236
898,14.3212,0.279572
899,14.3371,0.279931
900,14.3532,0.280275
901,14.3693,0.280617
902,14.3854,0.280953
903,14.4015,0.281292
904,14.4177,0.281633
905,14.4344,0.281967
906,14.451,0.2823
907,14.4675,0.282642
908,14.4838,0.282978
909,14.4999,0.283311
910,14.5158,0.283647
911,14.5318,0.283981
912,14.5475,0.284331
913,14.5634,0.284661
914,14.5794,0.284994
915,14.5954,0.285325
916,14.6116,0.285664
917,14.6279,0.285997
918,14.6441,0.286331
919,14.6603,0.286667
920,14.6765,0.287
921,14.6927,0.287339
922,14.7088,0.287675
923,14.725,0.288008
924,14.7411,0.288347
925,14.7572,0.288686
926,14.7738,0.289022
927,14.7905,0.289353
928,14.8072,0.289694
929,14.8238,0.290031
930,14.8405,0.290375
931,14.8569,0.290706
932,14.873,0.291039
933,14.8892,0.291383
934,14.9053,0.291717
935,14.9214,0.29205
936,14.9372,0.292383
937,14.953,0.292719
938,14.9688,0.293056
939,14.9847,0.293392
940,15.0006,0.293733
941,15.0165,0.294069
942,15.0322,0.294408
943,15.048,0.294756
944,15.0637,0.295094
945,15.0795,0.295433
946,15.0953,0.295772
947,15.1111,0.296111
948,15.1268,0.29645
949,15.1426,0.297375
950,15.1582,0.297694
951,15.174,0.298017
952,15.1897,0.298336
953,15.2055,0.298656
954,15.2212,0.298972
955,15.2375,0.299289
956,15.2542,0.299606
957,15.2706,0.299922
958,15.2864,0.300236
959,15.3022,0.300553
960,15.318,0.300867
961,15.3338,0.301181
962,15.3497,0.301494
963,15.3655,0.301806
964,15.3813,0.302119
965,15.3972,0.302444
966,15.4131,0.302756
967,15.429,0.303067
968,15.4449,0.303378
969,15.4607,0.303689
970,15.4764,0.303997
971,15.4922,0.304311
972,15.508,0.304619
973,15.5238,0.304931
974,15.5397,0.30525
975,15.5554,0.305558
976,15.5712,0.305872
977,15.587,0.306183
978,15.6028,0.306494
979,15.6184,0.306811
980,15.6346,0.307125
981,15.6512,0.307447
982,15.6674,0.307758
983,15.6829,0.308075
984,15.6984,0.308386
985,15.714,0.3087
986,15.7296,0.309014
987,15.7454,0.309333
988,15.761,0.30965
989,15.7764,0.309961
990,15.7919,0.310286
991,15.8074,0.3106
992,15.823,0.310911
993,15.8388,0.311231
994,15.8547,0.311547
995,15.8705,0.311867
996,15.8863,0.312183
997,15.9021,0.312497
998,15.9178,0.312811
999,15.9336,0.313156
1000,15.9493,0.313464
1001,15.9651,0.313772
1002,15.9807,0.314083
1003,15.9963,0.314394
1004,16.0121,0.314719
1005,16.0277,0.315042
1006,16.0432,0.315367
1007,16.0588,0.315681
1008,16.0744,0.315997
1009,16.0906,0.316319
1010,16.1071,0.316633
1011,16.123,0.316956
1012,16.1386,0.317278
1013,16.1541,0.317594
1014,16.1697,0.317911
1015,16.1855,0.318231
1016,16.2012,0.318558
1017,16.217,0.318878
1018,16.2327,0.319208
1019,16.2484,0.319528
1020,16.264,0.319844
1021,16.2795,0.320164
1022,16.295,0.320489
1023,16.3105,0.320808
1024,16.3261,0.321125
1025,16.3418,0.321444
1026,16.3574,0.321769
1027,16.3729,0.322089
1028,16.3884,0.322411
1029,16.4038,0.322731
1030,16.4193,0.32305
1031,16.4349,0.323375
1032,16.4504,0.323692
1033,16.4659,0.324011
1034,16.4815,0.324325
1035,16.4971,0.32465
1036,16.5128,0.324967
1037,16.5284,0.325292
1038,16.544,0.325608
1039,16.5596,0.325922
1040,16.5751,0.326239
1041,16.5907,0.326556
1042,16.6066,0.326881
1043,16.6225,0.327197
1044,16.6385,0.327511
1045,16.6546,0.327825
1046,16.6706,0.328147
1047,16.6866,0.328464
1048,16.7024,0.328775
1049,16.7181,0.329114
1050,16.7337,0.329439
1051,16.7494,0.329767
1052,16.7652,0.330092
1053,16.7808,0.330408
1054,16.7963,0.330725
1055,16.8118,0.331047
1056,16.8273,0.331378
1057,16.8429,0.331703
1058,16.8584,0.332025
1059,16.8738,0.332339
1060,16.8894,0.332653
1061,16.9051,0.332975
1062,16.9207,0.333289
1063,16.9364,0.333608
1064,16.9521,0.333928
1065,16.9676,0.334247
1066,16.9831,0.334561
1067,16.999,0.334872
1068,17.0145,0.335186
1069,17.0303,0.335497
1070,17.0468,0.335811
1071,17.0632,0.336219
1072,17.0797,0.336539
1073,17.0962,0.336856
1074,17.1126,0.337169
1075,17.129,0.337481
1076,17.1453,0.337792
1077,17.1617,0.338103
1078,17.1778,0.338417
1079,17.1934,0.338731
1080,17.209,0.339044
1081,17.2246,0.339364
1082,17.2403,0.339675
1083,17.2559,0.339986
1084,17.2717,0.340297
1085,17.2876,0.340611
1086,17.3035,0.340928
1087,17.3195,0.341242
1088,17.3354,0.341553
1089,17.3513,0.341867
1090,17.3671,0.342178
1091,17.3828,0.342492
1092,17.3984,0.342803
1093,17.414,0.343114
1094,17.4296,0.343431
1095,17.4452,0.343742
1096,17.4606,0.344053
1097,17.4759,0.344367
1098,17.4914,0.344694
1099,17.5068,0.345031
1100,17.5223,0.34535
1101,17.5385,0.345672
1102,17.5547,0.345986
1103,17.5708,0.346311
1104,17.587,0.346633
1105,17.6032,0.34695
1106,17.6194,0.347261
1107,17.6356,0.347572
1108,17.6519,0.347886
1109,17.6682,0.3482
1110,17.6845,0.348514
1111,17.7008,0.348831
1112,17.7171,0.349144
1113,17.733,0.349458
1114,17.7484,0.349772
1115,17.7638,0.350089
1116,17.7792,0.350403
1117,17.7946,0.350714
1118,17.8101,0.351028
1119,17.8264,0.35135
1120,17.8426,0.351664
1121,17.8589,0.351978
1122,17.8751,0.352364
1123,17.8914,0.352681
1124,17.9077,0.352992
1125,17.924,0.353311
1126,17.9403,0.353625
1127,17.9566,0.353936
1128,17.9723,0.354247
1129,17.9878,0.354561
1130,18.0034,0.354872
1131,18.019,0.355194
1132,18.0346,0.355506
1133,18.0502,0.355819
1134,18.0658,0.356133
1135,18.0816,0.356444
1136,18.0978,0.356756
1137,18.1141,0.357069
1138,18.1305,0.357381
1139,18.1463,0.357697
1140,18.1622,0.358008
